{
  "@microsoft/generator-sharepoint": {
    "plusBeta": false,
    "isCreatingSolution": true,
    "nodeVersion": "18.18.2",
    "sdksVersions": {
      "@microsoft/microsoft-graph-client": "3.0.2",
      "@microsoft/teams-js": "2.12.0"
    },
    "version": "1.18.0",
    "libraryName": "cbd-application-customizer",
    "libraryId": "2b4350f1-9a60-4b05-88d1-6d27a782fc8b",
    "environment": "spo",
    "packageManager": "npm",
    "solutionName": "cbd-application-customizer",
    "solutionShortDescription": "cbd-application-customizer description",
    "skipFeatureDeployment": true,
    "isDomainIsolated": false,
    "componentType": "extension",
    "extensionType": "ApplicationCustomizer"
  }
}
