{
  "$schema": "https://developer.microsoft.com/json-schemas/spfx-build/package-solution.schema.json",
  "solution": {
    "name": "cbd-application-customizer-client-side-solution",
    "id": "2b4350f1-9a60-4b05-88d1-6d27a782fc8b",
    "version": "1.0.0.0",
    "includeClientSideAssets": true,
    "skipFeatureDeployment": true,
    "isDomainIsolated": false,
    "developer": {
      "name": "",
      "websiteUrl": "",
      "privacyUrl": "",
      "termsOfUseUrl": "",
      "mpnId": "Undefined-1.18.0"
    },
    "metadata": {
      "shortDescription": {
        "default": "cbd-application-customizer description"
      },
      "longDescription": {
        "default": "cbd-application-customizer description"
      },
      "screenshotPaths": [],
      "videoUrl": "",
      "categories": []
    },
    "features": [
      {
        "title": "Application Extension - Deployment of custom action",
        "description": "Deploys a custom action with ClientSideComponentId association",
        "id": "16df66d0-acc7-4d81-94f7-3a25e31ed572",
        "version": "1.0.0.0",
        "assets": {
          "elementManifests": [
            "elements.xml",
            "ClientSideInstance.xml"
          ]
        }
      }
    ]
  },
  "paths": {
    "zippedPackage": "solution/cbd-application-customizer.sppkg"
  }
}
