<?xml version="1.0" encoding="utf-8"?><App xmlns="http://schemas.microsoft.com/sharepoint/2012/app/manifest" Name="cbd-application-customizer-client-side-solution" ProductID="2b4350f1-9a60-4b05-88d1-6d27a782fc8b" SharePointMinVersion="16.0.0.0" IsClientSideSolution="true" Version="1.0.0.0" SkipFeatureDeployment="true" IsDomainIsolated="false"><Properties><Title>cbd-application-customizer-client-side-solution</Title><DeveloperProperties>{&quot;name&quot;:&quot;&quot;,&quot;websiteUrl&quot;:&quot;&quot;,&quot;privacyUrl&quot;:&quot;&quot;,&quot;termsOfUseUrl&quot;:&quot;&quot;,&quot;mpnId&quot;:&quot;Undefined-1.18.0&quot;}</DeveloperProperties><ShortDescription><LocalizedString CultureName="default">cbd-application-customizer description</LocalizedString></ShortDescription><LongDescription><LocalizedString CultureName="default">cbd-application-customizer description</LocalizedString></LongDescription><Screenshots></Screenshots></Properties></App>