{
  "id": "5fd0cc92-4710-4e0e-aa92-df1c7612003a",
  "alias": "CbdAppCustomizerApplicationCustomizer",
  "componentType": "Extension",
  "extensionType": "ApplicationCustomizer",
  "version": "0.0.1",
  "manifestVersion": 2,
  "requiresCustomScript": false,
  "loaderConfig": {
    "internalModuleBaseUrls": [
      "<!-- PATH TO CDN -->"
    ],
    "entryModuleId": "cbd-app-customizer-application-customizer",
    "scriptResources": {
      "cbd-app-customizer-application-customizer": {
        "type": "path",
        "path": "cbd-app-customizer-application-customizer_3865d64f3e38e636bfe9.js"
      },
      "@microsoft/sp-application-base": {
        "type": "component",
        "id": "4df9bb86-ab0a-4aab-ab5f-48bf167048fb",
        "version": "1.18.0"
      },
      "react": {
        "type": "component",
        "id": "0d910c1c-13b9-4e1c-9aa4-b008c5e42d7d",
        "version": "17.0.1"
      },
      "react-dom": {
        "type": "component",
        "id": "aa0a46ec-1505-43cd-a44a-93f3a5aa460a",
        "version": "17.0.1"
      },
      "@microsoft/decorators": {
        "type": "component",
        "id": "f97266fb-ccb7-430e-9384-4124d05295d3",
        "version": "1.18.0"
      }
    }
  }
}